<?xml version="1.0" encoding="UTF-8"?>
<beans 	xmlns="http://www.springframework.org/schema/beans"
		xmlns:xsi="http://www.w3.org/2001/XMLSchema-instance"
		xmlns:c="http://www.springframework.org/schema/c"
		xmlns:context="http://www.springframework.org/schema/context"
		xmlns:lang="http://www.springframework.org/schema/lang"
		xmlns:mvc="http://www.springframework.org/schema/mvc"
		xmlns:p="http://www.springframework.org/schema/p"
		xsi:schemaLocation="http://www.springframework.org/schema/beans 
							http://www.springframework.org/schema/beans/spring-beans.xsd
							http://www.springframework.org/schema/context 
							http://www.springframework.org/schema/context/spring-context.xsd
							http://www.springframework.org/schema/lang 
							http://www.springframework.org/schema/lang/spring-lang.xsd
							http://www.springframework.org/schema/mvc 
							http://www.springframework.org/schema/mvc/spring-mvc.xsd">

	<mvc:annotation-driven />
	<context:component-scan base-package="a.b.c.com.**" />
	<bean class="org.springframework.web.servlet.view.UrlBasedViewResolver">
		<property name="viewClass" value="org.springframework.web.servlet.view.JstlView"></property>
		<property name="prefix" value="/WEB-INF/view/" />
		<property name="suffix" value=".jsp" />
	</bean>	
	
	<import resource="servlet-context.xml"/>
</beans>
